{
  "teachers": {
    "teacher_0": {
      "train_loss": [
        0.30643721254666645,
        0.1405091902439793,
        0.10515355076827108,
        0.08824015836045146,
        0.07414756383995215,
        0.06580860247183591,
        0.058448180354665966,
        0.05475985555490479,
        0.05008242286074286,
        0.04809125070335964
      ],
      "train_acc": [
        0.9074166666666666,
        0.9570833333333333,
        0.967625,
        0.9724375,
        0.9764791666666667,
        0.9786458333333333,
        0.9815625,
        0.9821458333333334,
        0.9836041666666666,
        0.9840416666666667
      ],
      "val_loss": [
        0.13994414119565107,
        0.10683212701251056,
        0.09938871223935263,
        0.0926622179748015,
        0.08298208773572077,
        0.0877118494517685,
        0.08438536849311315,
        0.08569249532561987,
        0.09360808002585397,
        0.10132567092087096
      ],
      "val_acc": [
        0.9574166666666667,
        0.96875,
        0.9721666666666666,
        0.973,
        0.9749166666666667,
        0.9751666666666666,
        0.9763333333333334,
        0.976,
        0.9764166666666667,
        0.97325
      ]
    },
    "teacher_1": {
      "train_loss": [
        0.3046378974169493,
        0.14114437504361074,
        0.10233240941104789,
        0.09046705976314842,
        0.07618218874558806,
        0.06885411054889361,
        0.06270504728782302,
        0.05491849934216589,
        0.05240748234558851,
        0.04797875055973418
      ],
      "train_acc": [
        0.9078541666666666,
        0.9570208333333333,
        0.9680833333333333,
        0.97225,
        0.9762708333333333,
        0.9780625,
        0.9798333333333333,
        0.982125,
        0.9831041666666667,
        0.9845625
      ],
      "val_loss": [
        0.15195544686247694,
        0.10437384403825915,
        0.09219382327307571,
        0.0991917492901074,
        0.09593994600916321,
        0.09233225922179507,
        0.07997044591243042,
        0.08984628368411808,
        0.08863662358155434,
        0.08584917902678965
      ],
      "val_acc": [
        0.95275,
        0.968,
        0.9728333333333333,
        0.9714166666666667,
        0.9721666666666666,
        0.97375,
        0.9766666666666667,
        0.9748333333333333,
        0.9765833333333334,
        0.9791666666666666
      ]
    },
    "teacher_2": {
      "train_loss": [
        0.3040618342198432,
        0.14062167304381729,
        0.10804808153460423,
        0.09061471881655356,
        0.07547720752625416,
        0.06910906935265909,
        0.06278906111853819,
        0.05721899927717944,
        0.05213819264725316,
        0.05118575161548021
      ],
      "train_acc": [
        0.9089583333333333,
        0.957375,
        0.9667083333333333,
        0.97125,
        0.9757291666666666,
        0.978,
        0.9805416666666666,
        0.9815416666666666,
        0.9826875,
        0.983625
      ],
      "val_loss": [
        0.14865453743395654,
        0.11027546420178198,
        0.10140314670477776,
        0.09525124077744623,
        0.09330859005778155,
        0.09557575379508211,
        0.08263755143877674,
        0.09405867101753408,
        0.08478734690660086,
        0.0946680541472891
      ],
      "val_acc": [
        0.9550833333333333,
        0.9669166666666666,
        0.9679166666666666,
        0.97275,
        0.97225,
        0.9729166666666667,
        0.9761666666666666,
        0.97475,
        0.9776666666666667,
        0.9749166666666667
      ]
    }
  },
  "distillation": {
    "train_loss": [
      0.38715402569373447,
      0.17272705280284087,
      0.13112674575050673,
      0.10766219371557235,
      0.0930194324478507,
      0.08596505692104499,
      0.07976283518970012,
      0.07276120748867591,
      0.06973133137822152,
      0.06637857400874297,
      0.06484495962659519,
      0.0631252696911494,
      0.059794749781489374,
      0.05754093719770511,
      0.05805832609285911,
      0.05514080911378066,
      0.05410984020431837,
      0.05207223269715905,
      0.05545447801053524,
      0.05139500498771667
    ],
    "train_acc": [
      0.8789791666666666,
      0.944375,
      0.9570625,
      0.9640833333333333,
      0.9693125,
      0.9715833333333334,
      0.9738125,
      0.9769375,
      0.9780416666666667,
      0.97975,
      0.9801666666666666,
      0.9814583333333333,
      0.9822916666666667,
      0.98325,
      0.9832291666666667,
      0.9841041666666667,
      0.984375,
      0.9850416666666667,
      0.9842291666666667,
      0.985875
    ],
    "val_loss": [
      0.5633522603224884,
      0.3325822701023773,
      0.2657974609421527,
      0.19846518908409364,
      0.1516602603703777,
      0.13386096125666766,
      0.11674324512243905,
      0.1072641553659428,
      0.09979860836075262,
      0.10095378895478442,
      0.10742011778997852,
      0.08423146581217805,
      0.08085440320428461,
      0.08538507920085511,
      0.06631870083312721,
      0.0753459043161785,
      0.0672402447783091,
      0.06867082633494222,
      0.061718691970182066,
      0.0772400183969752
    ],
    "val_acc": [
      0.9519166666666666,
      0.9697083333333333,
      0.9746666666666667,
      0.9816666666666667,
      0.9848333333333333,
      0.9870416666666667,
      0.9886458333333333,
      0.9898333333333333,
      0.9908541666666667,
      0.9908333333333333,
      0.9908333333333333,
      0.9931666666666666,
      0.9940833333333333,
      0.9932291666666667,
      0.9953958333333334,
      0.9943125,
      0.9957083333333333,
      0.9953541666666667,
      0.9957708333333334,
      0.9948958333333333
    ]
  }
}