{
  "validation_accuracy": 1.0,
  "validation_loss": 0.01234927971381694,
  "class_accuracies": [
    1.0,
    1.0,
    1.0
  ],
  "training_history": {
    "loss": [
      0.9518333435058594,
      0.5567063212394714,
      0.4196665287017822,
      0.30208355486392974,
      0.24634159505367278,
      0.2555822253227234,
      0.18381600305438042,
      0.35089140981435774,
      0.41420138329267503,
      0.31168401464819906,
      0.15566000007092953,
      0.244389671087265,
      0.1348598152399063,
      0.1620915826410055,
      0.12848771288990973,
      0.12583621516823768,
      0.16192929968237876,
      0.20077648274600507,
      0.09774699062108994,
      0.133341483771801,
      0.1464177794754505,
      0.15628004670143128,
      0.09522949419915676,
      0.17320457063615322,
      0.13843653295189143
    ],
    "accuracy": [
      0.5555555555555556,
      0.9027777777777778,
      0.9166666666666666,
      0.9166666666666666,
      0.9166666666666666,
      0.9305555555555556,
      0.9444444444444444,
      0.8888888888888888,
      0.9166666666666666,
      0.9444444444444444,
      0.9583333333333334,
      0.9027777777777778,
      0.9583333333333334,
      0.9444444444444444,
      0.9722222222222222,
      0.9583333333333334,
      0.9444444444444444,
      0.9722222222222222,
      0.9861111111111112,
      0.9583333333333334,
      0.9444444444444444,
      0.9444444444444444,
      0.9583333333333334,
      0.9583333333333334,
      0.9722222222222222
    ]
  }
}