{
  "train_losses": [
    2.782244725823402,
    0.7814754831790924,
    0.3234826326370239,
    0.26689534246921537,
    0.3006064921617508,
    0.25884998083114624,
    0.2602108043432236,
    0.2542596447467804,
    0.2533987349271774,
    0.2837154543399811,
    0.25970075726509095,
    0.25504467129707337,
    0.24783639818429948,
    0.2825534307956696,
    0.2901459294557571,
    0.26338808953762055,
    0.26114507019519806,
    0.2538106799125671,
    0.26013572096824644,
    0.247129362821579,
    0.2561055475473404,
    0.2619620478153229,
    0.24857771575450896,
    0.26032410860061644,
    0.30803109765052794,
    0.2606967431306839,
    0.252079696059227,
    0.2557601338624954,
    0.2490994155406952,
    0.25839682459831237,
    0.2647661817073822,
    0.2548650163412094,
    0.2463023406267166,
    0.25219542503356934,
    0.2534993642568588,
    0.25404793679714205,
    0.26291375279426576,
    0.2585968428850174,
    0.24777377605438233,
    0.2559710431098938,
    0.25835608303546903,
    0.24876139283180237,
    0.24630393266677855,
    0.25958851754665374,
    0.2611415255069733,
    0.24776701927185057,
    0.24697202146053315,
    0.2470162183046341,
    0.24964770853519438,
    0.2614587587118149,
    0.25185371160507203,
    0.2504545617103577,
    0.24271693348884582,
    0.26374206483364104,
    0.2678121888637543,
    0.2797450989484787,
    0.2729140639305115,
    0.25157166600227354,
    0.2543622475862503,
    0.2732303833961487,
    0.27231643795967103,
    0.25549046099185946,
    0.258145107626915,
    0.2545686489343643,
    0.2522685533761978,
    0.24925511598587036,
    0.24939465165138244,
    0.26009415209293363,
    0.25962310791015625,
    0.2490253460407257,
    0.2909778505563736,
    0.2773927301168442,
    0.3034765100479126,
    0.2667998814582825,
    0.26012414157390595,
    0.2466878429055214,
    0.25324820101261136,
    0.25777539134025573,
    0.2533584266901016,
    0.25134375274181364,
    0.25780499041080474,
    0.26197738528251646,
    0.25487955391407013,
    0.26637407422065734,
    0.25805389404296875,
    0.25007459700107576,
    0.2521152657270431,
    0.252663391828537,
    0.2531278479099274,
    0.26285885393619535,
    0.2588582581281662,
    0.2606839174032211,
    0.25072758793830874,
    0.252754944562912,
    0.2535406345129013,
    0.25422093749046326,
    0.2572420221567154,
    0.2632756894826889,
    0.2550387328863144,
    0.2521221458911896
  ],
  "val_losses": [
    2.6025374787194386,
    0.584973326751164,
    0.2526684935603823,
    0.24318827688694,
    0.22818391025066376,
    0.23487589827605657,
    0.24540992081165314,
    0.2361621856689453,
    0.24184484354087285,
    0.297220664364951,
    0.2279862697635378,
    0.2243365900857108,
    0.22268867705549514,
    0.36399505180971964,
    0.22802100437028067,
    0.2755655752761023,
    0.28203841192381723,
    0.2322091289928981,
    0.22560147089617594,
    0.2718021422624588,
    0.26348780734198435,
    0.24990418340478623,
    0.23025193171841757,
    0.2500296937567847,
    0.22748543747833797,
    0.22240871829645975,
    0.252707947577749,
    0.23490517692906515,
    0.2868259847164154,
    0.2357464794601713,
    0.24592024513653346,
    0.22248669820172445,
    0.23955045427594865,
    0.23030300438404083,
    0.29621736279555727,
    0.224794545343944,
    0.25429069783006397,
    0.23449548653193883,
    0.22811431969915116,
    0.29303258444581715,
    0.2481350941317422,
    0.22886000786508834,
    0.24048281141689845,
    0.24219935919557298,
    0.2420959153345653,
    0.24650209929261888,
    0.2276011279651097,
    0.2339490737233843,
    0.23711047853742326,
    0.2768063502652304,
    0.23361457884311676,
    0.2437661247594016,
    0.23241619978632247,
    0.22933210858276912,
    0.23631148040294647,
    0.2630397102662495,
    0.230550046477999,
    0.23318930396011897,
    0.2280324399471283,
    0.30969364302498953,
    0.26002174402986256,
    0.23405546375683375,
    0.23069471546581813,
    0.3398279824427196,
    0.2275352797337941,
    0.22281217575073242,
    0.22737286346299307,
    0.26636134726660593,
    0.22817839894975936,
    0.2525726684502193,
    0.23625945619174413,
    0.41123523882457186,
    0.28980412227766855,
    0.22274160598005568,
    0.23652855839048112,
    0.23127549248082296,
    0.22906516066619328,
    0.2359237947634288,
    0.23774940839835576,
    0.23148191826684134,
    0.2505004129239491,
    0.22836399929864065,
    0.2576232190643038,
    0.29791433470589773,
    0.2275526842900685,
    0.22624462417193822,
    0.2275578954390117,
    0.23494348568575724,
    0.23735398266996657,
    0.27302949130535126,
    0.22899719434125082,
    0.2513778401272638,
    0.23795249419552938,
    0.2460523886340005,
    0.22743771970272064,
    0.2302820874111993,
    0.2535078525543213,
    0.23169354668685369,
    0.2435615552323205,
    0.26732408148901804
  ]
}