{
  "train_loss": [
    3.5897890249888103,
    3.131904458999634,
    2.711401581764221,
    2.319922192891439,
    1.959775487581889,
    1.6391074419021607,
    1.390454371770223,
    1.2203098972638449,
    1.1431001702944437,
    1.1200846552848815,
    1.118646748860677,
    1.1189670801162719,
    1.1187000373999278,
    1.118459403514862,
    1.118268318970998,
    1.1187069376309713,
    1.1183401823043824,
    1.118359422683716,
    1.1187021573384603,
    1.1189219276110332,
    1.1192628622055054,
    1.1195661087830862,
    1.118770186106364,
    1.1181447039047876,
    1.1186843276023866,
    1.1190517952044805,
    1.1192253053188324,
    1.1186881909767787,
    1.1186952551205953,
    1.118510506550471,
    1.1186392645041148,
    1.118793535232544,
    1.1189868648846943,
    1.1194673577944438,
    1.1191764195760092,
    1.1181732773780824,
    1.1200468381245932,
    1.1184199313322702,
    1.118701414267222,
    1.1188559412956238,
    1.1183897296587626,
    1.1186635037263235,
    1.1183933357397715,
    1.1183469653129579,
    1.1187721371650696,
    1.1189401348431904,
    1.1203146735827128,
    1.1199185013771058,
    1.119171965122223,
    1.1187200645605724,
    1.1184797545274099,
    1.1185637871424357,
    1.1189297318458558,
    1.1184063315391541,
    1.119272518157959,
    1.119778670867284,
    1.118913867076238,
    1.1192801515261332,
    1.119943916797638,
    1.1196907043457032,
    1.1182441333929698,
    1.1194041033585866,
    1.1190656920274098,
    1.1197932382424673,
    1.1199735244115194,
    1.1194872379302978,
    1.1195213635762533,
    1.1188689152399698,
    1.1193968196709951
  ],
  "val_loss": [
    3.103549897670746,
    2.6998029947280884,
    2.314393162727356,
    1.959760844707489,
    1.6500760912895203,
    1.3964251279830933,
    1.200258806347847,
    1.0925510972738266,
    1.0569090694189072,
    1.0553615540266037,
    1.0568431913852692,
    1.0561397671699524,
    1.0571985095739365,
    1.0570406764745712,
    1.056505724787712,
    1.0554130524396896,
    1.0562988072633743,
    1.0564957559108734,
    1.0565817654132843,
    1.0558569878339767,
    1.0576764792203903,
    1.0556329935789108,
    1.056065410375595,
    1.0571072101593018,
    1.0562696903944016,
    1.0558846443891525,
    1.0558826178312302,
    1.058008000254631,
    1.0567311346530914,
    1.05598184466362,
    1.0561548322439194,
    1.0573669224977493,
    1.056314930319786,
    1.0547645390033722,
    1.0570828765630722,
    1.0567996799945831,
    1.0572088658809662,
    1.0559954941272736,
    1.055975764989853,
    1.0573516935110092,
    1.0568968504667282,
    1.0569550842046738,
    1.055527076125145,
    1.0559988170862198,
    1.0573871284723282,
    1.0576574504375458,
    1.0560543984174728,
    1.0588538199663162,
    1.0558133870363235,
    1.0569309443235397,
    1.0568413138389587,
    1.0559211671352386,
    1.0578734576702118,
    1.0555291771888733,
    1.0559721440076828,
    1.0568474382162094,
    1.057193636894226,
    1.0563195794820786,
    1.0551100224256516,
    1.0583595484495163,
    1.0561405718326569,
    1.056247964501381,
    1.0564449280500412,
    1.0560431778430939,
    1.056742176413536,
    1.057654693722725,
    1.0554387867450714,
    1.0563873201608658,
    1.056645706295967
  ],
  "best_val_huber": 1.0547645390033722
}