{
  "train": {
    "mse": 17.650461196899414,
    "mae": 1.4194393157958984,
    "r2": 0.4908198118209839
  },
  "validation": {
    "mse": 16.794803619384766,
    "mae": 1.3302769660949707,
    "r2": 0.49092918634414673
  }
}