{
  "baseline": {
    "train_loss": [
      0.10944708847394213,
      0.04406837517116219,
      0.03607772962267821,
      0.02749645783076994,
      0.023638193830595507,
      0.020910559896020763,
      0.020035679228788163,
      0.01571369153111785,
      0.0154063645596907,
      0.013608231714819946,
      0.010893110613481744,
      0.010959611512552024,
      0.009622129402716988,
      0.006918792315219131,
      0.009771746546650925
    ],
    "train_acc": [
      0.9664583333333333,
      0.9857083333333333,
      0.9886875,
      0.9918958333333333,
      0.9929791666666666,
      0.9934791666666667,
      0.993375,
      0.994875,
      0.9950625,
      0.9955208333333333,
      0.9965833333333334,
      0.9966666666666667,
      0.9973541666666667,
      0.9979375,
      0.997125
    ],
    "val_loss": [
      0.05038964498399242,
      0.034991722021430256,
      0.039150330034007835,
      0.032434606269971675,
      0.0356802054972851,
      0.08517433609937299,
      0.04488459521002988,
      0.03670523029541073,
      0.032923617885821745,
      0.029801824872284922,
      0.03444839667931677,
      0.02829220462483639,
      0.030740520008313323,
      0.04093641194935543,
      0.04580788777904208
    ],
    "val_acc": [
      0.9845833333333334,
      0.9889166666666667,
      0.9875833333333334,
      0.9915,
      0.9906666666666667,
      0.97475,
      0.9875833333333334,
      0.9903333333333333,
      0.9915,
      0.9919166666666667,
      0.992,
      0.9929166666666667,
      0.9923333333333333,
      0.9896666666666667,
      0.9901666666666666
    ]
  },
  "attention": {
    "train_loss": [
      0.11474037680712838,
      0.043710119268624115,
      0.033287675210429975,
      0.027907959828638317,
      0.021432925867964515,
      0.021019603672679903,
      0.014274312352460886,
      0.016296407099609497,
      0.012828751149931728,
      0.009895872821786422,
      0.010319322989786694,
      0.010615768888334666,
      0.008557220307314614,
      0.006922988358022243,
      0.005864194547411292
    ],
    "train_acc": [
      0.9652083333333333,
      0.9865416666666667,
      0.9897708333333334,
      0.9912708333333333,
      0.9932083333333334,
      0.9934166666666666,
      0.995875,
      0.9947916666666666,
      0.9960208333333334,
      0.9970625,
      0.9966041666666666,
      0.9964583333333333,
      0.9972916666666667,
      0.9978125,
      0.998375
    ],
    "val_loss": [
      0.07896503069477671,
      0.0929551854360591,
      0.03769002913712881,
      0.04154696216233362,
      0.03722109455323315,
      0.031313602028797294,
      0.03437889040647628,
      0.029758671455714106,
      0.03769907946379464,
      0.03040043964470084,
      0.02889214757262012,
      0.04723456082273457,
      0.031172871388797773,
      0.02941834801228961,
      0.03245923362172281
    ],
    "val_acc": [
      0.9775,
      0.9725833333333334,
      0.98875,
      0.9875833333333334,
      0.9891666666666666,
      0.9915833333333334,
      0.9905,
      0.99175,
      0.9893333333333333,
      0.9928333333333333,
      0.9935833333333334,
      0.9891666666666666,
      0.9919166666666667,
      0.9935,
      0.9926666666666667
    ]
  }
}