{
  "baseline": {
    "train_loss": [
      0.21351166077082356,
      0.07777359422047933,
      0.05770759176866462,
      0.042820376604329795,
      0.040344835867872464,
      0.0288427608764614,
      0.02874447090411559,
      0.024721622006696028,
      0.02325397492015327,
      0.020041238437554662
    ],
    "train_acc": [
      0.9358333333333333,
      0.9781666666666666,
      0.983,
      0.9870625,
      0.9882291666666667,
      0.9910416666666667,
      0.991375,
      0.9921458333333333,
      0.993,
      0.9940833333333333
    ],
    "val_loss": [
      0.07000401534729618,
      0.04691888943767829,
      0.04072503822278529,
      0.03820486335500894,
      0.035187122512186454,
      0.03445676990457364,
      0.03504796417883939,
      0.0359689194490571,
      0.033156672717713595,
      0.0369511972475111
    ],
    "val_acc": [
      0.979,
      0.9866666666666667,
      0.9883333333333333,
      0.9880833333333333,
      0.99,
      0.9910833333333333,
      0.9914166666666666,
      0.9913333333333333,
      0.9914166666666666,
      0.99175
    ]
  },
  "robust": {
    "train_loss": [
      0.3505865542590618,
      0.1578897270311912,
      0.12151816497246425,
      0.10370911592245102,
      0.09282413524885973,
      0.08192929725597302,
      0.07515056945569813,
      0.06845140532590449,
      0.06429263439153632,
      0.05806334437119464
    ],
    "train_acc": [
      0.935125,
      0.9798958333333333,
      0.9854375,
      0.987875,
      0.989625,
      0.9914375,
      0.9922291666666667,
      0.9929791666666666,
      0.9940208333333334,
      0.9941041666666667
    ],
    "val_loss": [
      0.0545171835073369,
      0.043468562521701774,
      0.033864628809982256,
      0.0336176204227547,
      0.033112780223281665,
      0.030363963315934637,
      0.028758808036671208,
      0.031411080578576965,
      0.029561343373329014,
      0.031159754610869523
    ],
    "val_acc": [
      0.9834166666666667,
      0.9870833333333333,
      0.991,
      0.991,
      0.9900833333333333,
      0.9911666666666666,
      0.9920833333333333,
      0.9924166666666666,
      0.9931666666666666,
      0.993
    ]
  }
}