{
  "train": {
    "mse": 0.03740174323320389,
    "r2": 0.831692099571228,
    "ce_loss": 0.2420116774737835,
    "accuracy": 0.9583333333333334,
    "f1_macro": 0.9566807313642757
  },
  "validation": {
    "mse": 0.04032169654965401,
    "r2": 0.8185523748397827,
    "ce_loss": 0.26830457150936127,
    "accuracy": 0.9666666666666667,
    "f1_macro": 0.9710144927536232
  }
}