{
  "train": {
    "mse": 0.4639959931373596,
    "mae": 0.5509255528450012,
    "r2": 0.5360039472579956
  },
  "validation": {
    "mse": 0.5559603571891785,
    "mae": 0.6042522192001343,
    "r2": 0.40301668643951416
  }
}