{
  "train": {
    "mse": 0.007893201895058155,
    "r2": 0.965849757194519,
    "bce_loss": 0.03550373991020024,
    "accuracy": 0.9912087912087912,
    "f1": 0.993127147766323,
    "precision": 0.9897260273972602,
    "recall": 0.996551724137931,
    "auc": 0.9992058516196447
  },
  "validation": {
    "mse": 0.04029029607772827,
    "r2": 0.8337209224700928,
    "bce_loss": 0.13061813451349735,
    "accuracy": 0.9385964912280702,
    "f1": 0.9481481481481482,
    "precision": 0.9411764705882353,
    "recall": 0.9552238805970149,
    "auc": 0.9904731660844712
  }
}