{
  "validation_accuracy": 0.8,
  "validation_loss": 0.72280053794384,
  "training_history": {
    "loss": [
      0.6954035878181457,
      0.687330961227417,
      0.676107656955719,
      0.6565568685531616,
      0.5996217489242553,
      0.4803223431110382,
      0.313069549202919,
      0.12548963576555253,
      0.029864443466067314,
      0.007506624702364207,
      0.003791995969368145,
      0.006337589502800256,
      0.004684542290488025,
      0.0005286922940285876,
      0.0007058505389068159,
      0.0014939721582777564,
      0.001253157469909638,
      0.00014555209199897944,
      0.0001912849062591704,
      0.0010467915060871746
    ],
    "accuracy": [
      0.4625,
      0.5375,
      0.625,
      0.6125,
      0.7125,
      0.9125,
      0.975,
      1.0,
      1.0,
      1.0,
      1.0,
      1.0,
      1.0,
      1.0,
      1.0,
      1.0,
      1.0,
      1.0,
      1.0,
      1.0
    ]
  }
}